{"train/loss": 0.06956280022859573, "train/lr": 0.0001999714290582701, "train/grad_norm": 0.2528451681137085, "train/step_time": 0.7766995429992676, "train/data_time": 0.23627877235412598, "_timestamp": 1705368583.9956791, "_runtime": 3938.3462030887604, "_step": 5151, "_wandb": {"runtime": 3944}}